"Area","Family","Feature","Identifier","Dialects","Advertised","Implemented","TestCoverage","CurrentStatus","Priority","SpecRef","Source","Notes"
"SMB1","Core","Negotiate","SMB_COM_NEGOTIATE","SMB1","yes","yes","sparse","partial","P2","CIFS/NT LM SMB","src/protocol/smb1/smb1ops.c:72","Enabled in command table; full SMB1 compatibility still not established."
"SMB1","Core","Session Setup","SMB_COM_SESSION_SETUP_ANDX","SMB1","yes","yes","sparse","partial","P2","CIFS/NT LM SMB","src/protocol/smb1/smb1ops.c:73","Present in dispatch table; requires interop coverage against Windows and Samba."
"SMB1","Core","Tree Connect","SMB_COM_TREE_CONNECT_ANDX","SMB1","yes","yes","sparse","partial","P2","CIFS/NT LM SMB","src/protocol/smb1/smb1ops.c:75","Command is wired; compatibility baseline not yet proven."
"SMB1","Core","Tree Disconnect","SMB_COM_TREE_DISCONNECT","SMB1","yes","yes","sparse","partial","P3","CIFS/NT LM SMB","src/protocol/smb1/smb1ops.c:71","Needs teardown and race coverage."
"SMB1","Core","Logoff","SMB_COM_LOGOFF_ANDX","SMB1","yes","yes","sparse","partial","P3","CIFS/NT LM SMB","src/protocol/smb1/smb1ops.c:74","Needs session lifecycle validation."
"SMB1","File I/O","Open","SMB_COM_OPEN_ANDX","SMB1","yes","yes","sparse","partial","P2","CIFS/NT LM SMB","src/protocol/smb1/smb1ops.c:66","Needs DOS mode and access-mask interop coverage."
"SMB1","File I/O","NT Create","SMB_COM_NT_CREATE_ANDX","SMB1","yes","yes","sparse","partial","P1","CIFS/NT LM SMB","src/protocol/smb1/smb1ops.c:79","High-value open path for SMB1 clients; semantics must align with legacy Windows clients."
"SMB1","File I/O","Read AndX","SMB_COM_READ_ANDX","SMB1","yes","yes","sparse","partial","P2","CIFS/NT LM SMB","src/protocol/smb1/smb1ops.c:67","Needs signing, oplock, and EOF edge-case testing."
"SMB1","File I/O","Write AndX","SMB_COM_WRITE_ANDX","SMB1","yes","yes","sparse","partial","P2","CIFS/NT LM SMB","src/protocol/smb1/smb1ops.c:68","Needs short-write and write-through interop validation."
"SMB1","File I/O","Legacy Write","SMB_COM_WRITE","SMB1","yes","yes","sparse","partial","P3","CIFS/NT LM SMB","src/protocol/smb1/smb1ops.c:82","Legacy fallback path still needs protocol validation."
"SMB1","Metadata","Create Directory","SMB_COM_CREATE_DIRECTORY","SMB1","yes","yes","sparse","partial","P3","CIFS/NT LM SMB","src/protocol/smb1/smb1ops.c:55","Needs attribute and error-code verification."
"SMB1","Metadata","Delete Directory","SMB_COM_DELETE_DIRECTORY","SMB1","yes","yes","sparse","partial","P3","CIFS/NT LM SMB","src/protocol/smb1/smb1ops.c:56","Needs non-empty-directory and access-check coverage."
"SMB1","Metadata","Delete","SMB_COM_DELETE","SMB1","yes","yes","sparse","partial","P3","CIFS/NT LM SMB","src/protocol/smb1/smb1ops.c:59","Needs delete-on-close and share mode coverage."
"SMB1","Metadata","Rename","SMB_COM_RENAME","SMB1","yes","yes","sparse","partial","P3","CIFS/NT LM SMB","src/protocol/smb1/smb1ops.c:60","Needs wildcard and cross-directory behavior testing."
"SMB1","Metadata","NT Rename","SMB_COM_NT_RENAME","SMB1","yes","yes","sparse","partial","P2","CIFS/NT LM SMB","src/protocol/smb1/smb1ops.c:81","Needs semantic comparison to Windows NT rename info levels."
"SMB1","Metadata","Query Information","SMB_COM_QUERY_INFORMATION","SMB1","yes","yes","sparse","partial","P3","CIFS/NT LM SMB","src/protocol/smb1/smb1ops.c:61","Needs DOS/NT attribute mapping verification."
"SMB1","Metadata","Set Attribute","SMB_COM_SETATTR","SMB1","yes","yes","sparse","partial","P3","CIFS/NT LM SMB","src/protocol/smb1/smb1ops.c:62","Needs timestamp and readonly/system bit coverage."
"SMB1","Metadata","Query Information2","SMB_COM_QUERY_INFORMATION2","SMB1","yes","yes","sparse","partial","P3","CIFS/NT LM SMB","src/protocol/smb1/smb1ops.c:88","Needs compatibility checks for returned time fields."
"SMB1","Metadata","Set Information2","SMB_COM_SET_INFORMATION2","SMB1","yes","yes","sparse","partial","P3","CIFS/NT LM SMB","src/protocol/smb1/smb1ops.c:89","Needs field-level validation against Windows clients."
"SMB1","Locking","Byte Range Locking","SMB_COM_LOCKING_ANDX","SMB1","yes","yes","sparse","partial","P2","CIFS/NT LM SMB","src/protocol/smb1/smb1ops.c:63","Requires conflict, cancel, and large-lock coverage."
"SMB1","Transactions","Transaction","SMB_COM_TRANSACTION","SMB1","yes","yes","sparse","partial","P1","CIFS/NT LM SMB","src/protocol/smb1/smb1ops.c:64","Critical umbrella path for mailslot, RAP, and named-pipe compatibility."
"SMB1","Transactions","Transaction2","SMB_COM_TRANSACTION2","SMB1","yes","yes","sparse","partial","P1","CIFS/NT LM SMB","src/protocol/smb1/smb1ops.c:69","Needs subcommand-by-subcommand matrix and interop coverage."
"SMB1","Transactions","NT Transact","SMB_COM_NT_TRANSACT","SMB1","yes","partial","sparse","non-compliant","P0","CIFS/NT LM SMB","src/protocol/smb1/smb1ops.c:77; src/protocol/smb1/smb1pdu.c:9947-10000","Audit already identified intentionally incomplete SMB1 surface."
"SMB1","Transactions","NT Transact Secondary","SMB_COM_NT_TRANSACT_SECONDARY","SMB1","yes","partial","sparse","non-compliant","P0","CIFS/NT LM SMB","src/protocol/smb1/smb1ops.c:78; src/protocol/smb1/smb1pdu.c:10057-10065","Secondary request assembly needs full legacy client validation."
"SMB1","Search","Find","SMB_COM_FIND","SMB1","yes","yes","sparse","partial","P3","CIFS/NT LM SMB","src/protocol/smb1/smb1ops.c:85","Needs wildcard, resume key, and Unicode behavior coverage."
"SMB1","Search","Find Unique","SMB_COM_FIND_UNIQUE","SMB1","yes","yes","sparse","partial","P3","CIFS/NT LM SMB","src/protocol/smb1/smb1ops.c:86","Likely low-use but still part of enabled surface."
"SMB1","Search","Find Close2","SMB_COM_FIND_CLOSE2","SMB1","yes","yes","sparse","partial","P3","CIFS/NT LM SMB","src/protocol/smb1/smb1ops.c:70","Needs search handle lifecycle coverage."
"SMB1","Misc","Echo","SMB_COM_ECHO","SMB1","yes","yes","sparse","partial","P4","CIFS/NT LM SMB","src/protocol/smb1/smb1ops.c:65","Simple path; low risk."
"SMB1","Policy","Default enablement","CONFIG_SMB1_ENABLED_BY_DEFAULT","SMB1","yes","n/a","n/a","non-compliant","P0","Project policy","Makefile:144-152","Current build policy exposes an incomplete SMB1 surface by default in external builds."
"SMB2/3","Dialect","SMB 2.0.2","SMB 2.0.2","2.0.2","yes","yes","moderate","partial","P2","MS-SMB2","src/protocol/smb2/smb2ops.c:14-39,237-239","Dialect is wired with its own version values and signing defaults."
"SMB2/3","Dialect","SMB 2.1","SMB 2.1","2.1","yes","yes","moderate","partial","P2","MS-SMB2","src/protocol/smb2/smb2ops.c:41-66,256-258","Needs full capability and lease interop sweep."
"SMB2/3","Dialect","SMB 3.0","SMB 3.0","3.0","yes","yes","moderate","partial","P1","MS-SMB2","src/protocol/smb2/smb2ops.c:68-94,282-284","Encryption/signing/durable interactions need validation."
"SMB2/3","Dialect","SMB 3.0.2","SMB 3.0.2","3.0.2","yes","yes","moderate","partial","P1","MS-SMB2","src/protocol/smb2/smb2ops.c:96-122,320-322","Needed for multichannel correctness and Windows 8.1 era clients."
"SMB2/3","Dialect","SMB 3.1.1","SMB 3.1.1","3.1.1","yes","yes","moderate","partial","P1","MS-SMB2","src/protocol/smb2/smb2ops.c:124-151,358-367","Negotiate context correctness is the major gap."
"SMB2/3","Core","Negotiate","SMB2_NEGOTIATE","2.0.2-3.1.1","yes","yes","moderate","partial","P0","MS-SMB2","src/protocol/smb2/smb2ops.c:202-221; src/protocol/smb2/smb2_negotiate.c","Core path exists but several negotiated features are mis-signaled."
"SMB2/3","Core","Session Setup","SMB2_SESSION_SETUP","2.0.2-3.1.1","yes","yes","moderate","partial","P1","MS-SMB2","src/protocol/smb2/smb2ops.c:202-221","Needs auth, binding, signing, and encryption interop hardening."
"SMB2/3","Core","Logoff","SMB2_LOGOFF","2.0.2-3.1.1","yes","yes","sparse","partial","P3","MS-SMB2","src/protocol/smb2/smb2ops.c:202-221","Needs session teardown and channel cleanup coverage."
"SMB2/3","Core","Tree Connect","SMB2_TREE_CONNECT","2.0.2-3.1.1","yes","yes","moderate","partial","P2","MS-SMB2","src/protocol/smb2/smb2ops.c:202-221; src/protocol/smb2/smb2_tree.c","Needs capability advertisement and IPC share verification."
"SMB2/3","Core","Tree Disconnect","SMB2_TREE_DISCONNECT","2.0.2-3.1.1","yes","yes","sparse","partial","P3","MS-SMB2","src/protocol/smb2/smb2ops.c:202-221","Needs handle leak and pending-notify coverage."
"SMB2/3","Core","Create/Open","SMB2_CREATE","2.0.2-3.1.1","yes","yes","moderate","partial","P0","MS-SMB2","src/protocol/smb2/smb2ops.c:202-221; src/protocol/smb2/smb2_create.c","High-risk path with durable, lease, POSIX, and AAPL context interactions."
"SMB2/3","Core","Close","SMB2_CLOSE","2.0.2-3.1.1","yes","yes","moderate","partial","P2","MS-SMB2","src/protocol/smb2/smb2ops.c:202-221","Needs durable and deferred-close coverage."
"SMB2/3","Core","Flush","SMB2_FLUSH","2.0.2-3.1.1","yes","yes","sparse","partial","P3","MS-SMB2","src/protocol/smb2/smb2ops.c:202-221","Needs durable-handle and sync semantics coverage."
"SMB2/3","Core","Read","SMB2_READ","2.0.2-3.1.1","yes","yes","moderate","partial","P2","MS-SMB2","src/protocol/smb2/smb2ops.c:202-221","Needs channel sequence and encrypted transport coverage."
"SMB2/3","Core","Write","SMB2_WRITE","2.0.2-3.1.1","yes","yes","moderate","partial","P2","MS-SMB2","src/protocol/smb2/smb2ops.c:202-221","Needs write-through, replay, and failure-injection coverage."
"SMB2/3","Core","Lock","SMB2_LOCK","2.0.2-3.1.1","yes","yes","sparse","partial","P2","MS-SMB2","src/protocol/smb2/smb2ops.c:202-221","Needs overlapping-range and cancel behavior verification."
"SMB2/3","Core","IOCTL","SMB2_IOCTL","2.0.2-3.1.1","yes","yes","moderate","partial","P0","MS-SMB2; MS-FSCC","src/protocol/smb2/smb2ops.c:202-221; src/fs/ksmbd_fsctl.c","Compliance depends on each FSCTL row below."
"SMB2/3","Core","Query Directory","SMB2_QUERY_DIRECTORY","2.0.2-3.1.1","yes","yes","moderate","partial","P2","MS-SMB2","src/protocol/smb2/smb2ops.c:202-221","Needs resume key and information-class coverage."
"SMB2/3","Core","Change Notify","SMB2_CHANGE_NOTIFY","2.0.2-3.1.1","yes","yes","sparse","partial","P1","MS-SMB2","src/protocol/smb2/smb2ops.c:221","Needs pending notify lifecycle, cancel, and directory-lease integration coverage."
"SMB2/3","Core","Query Info","SMB2_QUERY_INFO","2.0.2-3.1.1","yes","yes","moderate","partial","P1","MS-SMB2; MS-FSCC","src/protocol/smb2/smb2ops.c:202-221","Information-class breadth still needs matrix-driven validation."
"SMB2/3","Core","Set Info","SMB2_SET_INFO","2.0.2-3.1.1","yes","yes","moderate","partial","P1","MS-SMB2; MS-FSCC","src/protocol/smb2/smb2ops.c:202-221","Needs rename, disposition, allocation, POSIX, and security descriptor coverage."
"SMB2/3","Core","Echo","SMB2_ECHO","2.0.2-3.1.1","yes","yes","sparse","partial","P4","MS-SMB2","src/protocol/smb2/smb2ops.c:202-221","Low risk."
"SMB2/3","Core","Cancel","SMB2_CANCEL","2.0.2-3.1.1","yes","yes","sparse","partial","P2","MS-SMB2","src/protocol/smb2/smb2ops.c:202-221; src/protocol/smb2/smb2_pdu_common.c:1088-1161","Signing exemption logic exists but broader cancel semantics need coverage."
"SMB2/3","Core","Oplock Break","SMB2_OPLOCK_BREAK","2.0.2-3.1.1","yes","yes","sparse","partial","P1","MS-SMB2","src/protocol/smb2/smb2ops.c:220","Needs lease/oplock downgrade interop coverage."
"SMB2/3","Negotiate Context","Preauth Integrity","SMB2_PREAUTH_INTEGRITY_CAPABILITIES","3.1.1","yes","yes","moderate","partial","P1","MS-SMB2","src/protocol/smb2/smb2_pdu_common.c:1415-1452; src/protocol/smb2/smb2_session.c","Present for SMB 3.1.1 but must be validated across reconnect and binding flows."
"SMB2/3","Negotiate Context","Encryption Capabilities","SMB2_ENCRYPTION_CAPABILITIES","3.0-3.1.1","yes","yes","moderate","partial","P1","MS-SMB2","src/protocol/smb2/smb2ops.c:177-199; src/protocol/smb2/smb2_negotiate.c","Supported algorithms need truthfulness and interop coverage."
"SMB2/3","Negotiate Context","Signing Capabilities","SMB2_SIGNING_CAPABILITIES","3.1.1","yes","yes","moderate","partial","P1","MS-SMB2","src/protocol/smb2/smb2ops.c:361-367; src/protocol/smb2/smb2_pdu_common.c:1315-1408","Negotiated algorithm path exists; needs interoperability verification."
"SMB2/3","Negotiate Context","Compression Capabilities","SMB2_COMPRESSION_CAPABILITIES","3.1.1","yes","partial","moderate","partial","P0","MS-SMB2","src/protocol/smb2/smb2_negotiate.c:85-95,206-219,411-468","Negotiated common algorithm set is now preserved and non-spec LZ4 negotiation is gone, but NONE semantics and chained-capability signaling still need cleanup and interop proof."
"SMB2/3","Negotiate Context","Transport Capabilities","SMB2_TRANSPORT_CAPABILITIES","3.1.1","yes","yes","moderate","partial","P0","MS-SMB2","src/protocol/smb2/smb2_negotiate.c:132-140,267-275,539-551; src/transport/transport_quic.c","Response advertisement follows actual transport-owned secure state. QUIC listener bring-up is now delegate-gated and the userspace TLS 1.3 backend has direct regression proof, but full live QUIC interop is still not closed."
"SMB2/3","Negotiate Context","RDMA Transform Capabilities","SMB2_RDMA_TRANSFORM_CAPABILITIES","3.1.1","yes","partial","moderate","partial","P0","MS-SMB2","src/protocol/smb2/smb2_negotiate.c:109-129,554-595; src/transport/transport_rdma.c:1781-1794,2153-2189; src/protocol/smb2/smb2_read_write.c","ksmbd now suppresses RDMA transform negotiation and explicitly rejects SMB2 RDMA transform channels instead of silently misparsing them, but full RDMA transform crypto enforcement is still not implemented."
"SMB2/3","Session","Multichannel binding","SMB3_SESSION_BINDING","3.0-3.1.1","yes","yes","moderate","partial","P0","MS-SMB2","src/protocol/smb2/smb2_session.c:782-872; src/protocol/smb2/smb2_pdu_common.c:1242-1338","Targeted multichannel credit/bind flows now pass after fixing verifier-side request mutation during SESSION_SETUP signing checks; broader failover coverage is still pending."
"SMB2/3","Session","Credit management","SMB2_CREDITS","2.0.2-3.1.1","yes","yes","moderate","partial","P1","MS-SMB2","src/protocol/smb2/smb2_pdu_common.c; src/protocol/smb2/smb2_read_write.c; src/fs/ksmbd_fsctl.c; TESTS/SWEEP/logs/smb2.credits.log","The visible multichannel credit suites are green and async pipe teardown now decrements outstanding_async correctly, but high-concurrency correctness and fairness validation still need live proof."
"SMB2/3","Open Context","Extended Attributes","ExtA","2.0.2-3.1.1","no","yes","sparse","partial","P2","MS-SMB2","src/include/protocol/smb2pdu.h:651; src/protocol/smb2/smb2_create.c","Create context is parsed; needs behavioral validation."
"SMB2/3","Open Context","Security Descriptor","SecD","2.0.2-3.1.1","no","yes","sparse","partial","P1","MS-SMB2","src/include/protocol/smb2pdu.h:652; src/protocol/smb2/smb2_create.c","Needs SD round-trip and inheritance validation."
"SMB2/3","Open Context","Durable Handle Request v1","DHnQ","2.0.2-3.0.2","no","yes","moderate","partial","P1","MS-SMB2","src/include/protocol/smb2pdu.h:653; src/protocol/smb2/smb2_create.c:868-872,2847","Needs reconnect and failover interop coverage."
"SMB2/3","Open Context","Durable Handle Reconnect v1","DHnC","2.0.2-3.0.2","no","yes","moderate","partial","P1","MS-SMB2","src/include/protocol/smb2pdu.h:654; src/protocol/smb2/smb2_create.c:868-872","Needs reconnect state machine verification."
"SMB2/3","Open Context","Allocation Size","AlSi","2.0.2-3.1.1","no","yes","sparse","partial","P3","MS-SMB2","src/include/protocol/smb2pdu.h:655; src/protocol/smb2/smb2_create.c","Needs sparse/preallocation behavior coverage."
"SMB2/3","Open Context","Maximal Access","MxAc","2.0.2-3.1.1","no","yes","sparse","partial","P2","MS-SMB2","src/include/protocol/smb2pdu.h:656; src/protocol/smb2/smb2_create.c:2945-2961","Needs ACL and impersonation validation."
"SMB2/3","Open Context","Timewarp","TWrp","2.0.2-3.1.1","no","yes","sparse","partial","P2","MS-SMB2","src/include/protocol/smb2pdu.h:657; src/protocol/smb2/smb2_create.c:1275,1866","Snapshot semantics need explicit compatibility coverage."
"SMB2/3","Open Context","Query On Disk ID","QFid","2.0.2-3.1.1","no","yes","sparse","partial","P3","MS-SMB2","src/include/protocol/smb2pdu.h:658; src/protocol/smb2/smb2_create.c:2977-2985","Needs stable identity behavior validation."
"SMB2/3","Open Context","Lease v1","RqLs","2.1-3.1.1","no","yes","moderate","partial","P1","MS-SMB2","src/include/protocol/smb2pdu.h:659; src/protocol/smb2/smb2_create.c:2922-2945","Lease semantics remain a known instability area in local sweeps."
"SMB2/3","Open Context","Durable Handle Request v2","DH2Q","3.0-3.1.1","no","yes","moderate","partial","P0","MS-SMB2","src/include/protocol/smb2pdu.h:660; src/protocol/smb2/smb2_create.c:1546,3001-3013","smb2.durable-v2-open is now green on VM10, but durable-v2-delay and durable-v2-regressions still need refreshed closure in current CI."
"SMB2/3","Open Context","Durable Handle Reconnect v2","DH2C","3.0-3.1.1","no","yes","moderate","partial","P0","MS-SMB2","src/include/protocol/smb2pdu.h:661; src/protocol/smb2/smb2_create.c:1623-1642","Reconnect path is green inside smb2.durable-v2-open on VM10, but the broader durable-v2 regression set still needs rerun."
"SMB2/3","Leasing","Directory leases","DIRLEASE","3.0-3.1.1","implicit","yes","moderate","partial","P0","MS-SMB2","src/protocol/smb2/smb2_create.c; src/fs/ksmbd_notify.c","smb2.dirlease is now green on VM10 after the notify and recursive lease-fanout fixes, but related replay and lease-state stress still need broader proof."
"SMB2/3","Apple","AAPL create context","AAPL","2.1-3.1.1","no","yes","sparse","partial","P1","Apple SMB extensions","src/include/protocol/smb2pdu.h:667-904; src/protocol/smb2/smb2_create.c:2744-3075","Apple-specific capabilities exist but need macOS interoperability sweeps."
"SMB2/3","POSIX","POSIX extensions","POSIX","3.1.1","yes","yes","sparse","partial","P1","SMB3 POSIX extensions","src/include/protocol/smb2pdu.h:279,372-377,665,1580,1674-1675; src/protocol/smb2/smb2_create.c:1302,3040-3048","POSIX info classes and create context are present; full Linux/macOS client validation still needed."
"Transport","Core","TCP transport","TCP/445","SMB1-3.1.1","yes","yes","moderate","partial","P1","MS-SMB2; CIFS","src/transport/transport_tcp.c","Baseline transport still needs end-to-end compliance gating."
"Transport","Core","RDMA transport","SMB Direct","3.0-3.1.1","yes","partial","moderate","partial","P0","MS-SMBD","src/transport/transport_rdma.c; src/protocol/smb2/smb2_read_write.c","Transport exists and unsupported transform paths are now explicitly suppressed or rejected instead of falling through, but negotiate/signing/encryption interop truthfulness is not yet established."
"Transport","Core","QUIC transport","SMB over QUIC","3.1.1","yes","partial","moderate","partial","P0","MS-SMB2 Appendix C; RFC 9000/9001","src/transport/transport_quic.c; ksmbd-tools/mountd/quic_picotls.c","Kernel transport, Retry integrity, truthful listener gating, and a real picotls-backed userspace TLS 1.3 delegate are in place with direct regression coverage; live client interop is still open."
"FSCTL","Object ID","Get Object ID","FSCTL_GET_OBJECT_ID","2.0.2-3.1.1","yes","yes","sparse","partial","P2","MS-FSCC","src/fs/ksmbd_fsctl.c:3061-3064","Needs exact output and xattr fallback compatibility validation."
"FSCTL","Object ID","Set Object ID","FSCTL_SET_OBJECT_ID","2.0.2-3.1.1","yes","yes","sparse","partial","P2","MS-FSCC","src/fs/ksmbd_fsctl.c:3066-3069","Needs object-id persistence and error-code coverage."
"FSCTL","Object ID","Delete Object ID","FSCTL_DELETE_OBJECT_ID","2.0.2-3.1.1","yes","yes","sparse","partial","P2","MS-FSCC","src/fs/ksmbd_fsctl.c:3071-3074","Needs delete semantics coverage."
"FSCTL","Object ID","Set Object ID Extended","FSCTL_SET_OBJECT_ID_EXTENDED","2.0.2-3.1.1","yes","yes","sparse","partial","P2","MS-FSCC","src/fs/ksmbd_fsctl.c:3076-3079","Needs structure-validation compatibility checks."
"FSCTL","Object ID","Create Or Get Object ID","FSCTL_CREATE_OR_GET_OBJECT_ID","2.0.2-3.1.1","yes","yes","sparse","partial","P2","MS-FSCC","src/fs/ksmbd_fsctl.c:3081-3084","Needs idempotence and persistence coverage."
"FSCTL","Compression","Get Compression","FSCTL_GET_COMPRESSION","2.0.2-3.1.1","yes","yes","sparse","partial","P2","MS-FSCC","src/fs/ksmbd_fsctl.c:3086-3089","Needs semantics validation on filesystems without native compression."
"FSCTL","Compression","Set Compression","FSCTL_SET_COMPRESSION","2.0.2-3.1.1","yes","yes","sparse","partial","P2","MS-FSCC","src/fs/ksmbd_fsctl.c:3091-3094","Needs exact status/value mapping validation."
"FSCTL","Network","Query Network Interface Info","FSCTL_QUERY_NETWORK_INTERFACE_INFO","3.0-3.1.1","yes","yes","moderate","partial","P1","MS-FSCC","src/fs/ksmbd_fsctl.c","RSS_CAPABLE is now tied to multichannel plus actual multi-queue support, and RDMA_CAPABLE remains gated on an active SMB Direct listener. Needs live transport proof, not more inventory."
"FSCTL","Resume Key","Request Resume Key","FSCTL_REQUEST_RESUME_KEY","2.0.2-3.1.1","yes","yes","sparse","partial","P2","MS-FSCC","src/fs/ksmbd_fsctl.c:3101-3104","Needs ODX and durable handle integration validation."
"FSCTL","Sparse","Set Sparse","FSCTL_SET_SPARSE","2.0.2-3.1.1","yes","yes","sparse","partial","P2","MS-FSCC","src/fs/ksmbd_fsctl.c:3106-3109","Needs allocation-state verification across filesystems."
"FSCTL","Copy","CopyChunk","FSCTL_COPYCHUNK","2.1-3.1.1","yes","yes","sparse","partial","P1","MS-FSCC","src/fs/ksmbd_fsctl.c:3111-3114,1232-1367","Needs token, resume-key, and max-chunk limit coverage."
"FSCTL","Copy","CopyChunk Write","FSCTL_COPYCHUNK_WRITE","2.1-3.1.1","yes","yes","sparse","partial","P1","MS-FSCC","src/fs/ksmbd_fsctl.c:3116-3119,1232-1367","Needs rights-check and partial-copy interop coverage."
"FSCTL","Extents","Duplicate Extents","FSCTL_DUPLICATE_EXTENTS_TO_FILE","3.0-3.1.1","yes","yes","sparse","partial","P1","MS-FSCC","src/fs/ksmbd_fsctl.c:3121-3124","Needs clone semantics validation per backing filesystem."
"FSCTL","Allocation","Set Zero Data","FSCTL_SET_ZERO_DATA","2.0.2-3.1.1","yes","yes","sparse","partial","P1","MS-FSCC","src/fs/ksmbd_fsctl.c:3126-3129","Needs sparse-hole and EOF edge-case validation."
"FSCTL","Allocation","Query Allocated Ranges","FSCTL_QUERY_ALLOCATED_RANGES","2.0.2-3.1.1","yes","yes","sparse","partial","P1","MS-FSCC","src/fs/ksmbd_fsctl.c:3131-3134,1820","Needs sparse file accuracy tests."
"FSCTL","Validation","Is Pathname Valid","FSCTL_IS_PATHNAME_VALID","2.0.2-3.1.1","yes","yes","sparse","partial","P3","MS-FSCC","src/fs/ksmbd_fsctl.c:3136-3139","Low-risk but needs exact status behavior."
"FSCTL","Volume","Is Volume Dirty","FSCTL_IS_VOLUME_DIRTY","2.0.2-3.1.1","yes","yes","sparse","partial","P3","MS-FSCC","src/fs/ksmbd_fsctl.c:3141-3144","Needs filesystem mapping validation."
"FSCTL","Volume","Allow Extended DASD IO","FSCTL_ALLOW_EXTENDED_DASD_IO","2.0.2-3.1.1","yes","yes","sparse","partial","P3","MS-FSCC","src/fs/ksmbd_fsctl.c:3146-3149","Needs raw-volume access semantics review."
"FSCTL","Encryption","Encryption FSCTL IO","FSCTL_ENCRYPTION_FSCTL_IO","2.0.2-3.1.1","yes","yes","sparse","partial","P2","MS-FSCC","src/fs/ksmbd_fsctl.c:3151-3154","Needs feature truthfulness versus actual encryption support."
"FSCTL","Volume","Filesystem Get Stats","FSCTL_FILESYSTEM_GET_STATS","2.0.2-3.1.1","yes","yes","sparse","partial","P3","MS-FSCC","src/fs/ksmbd_fsctl.c:3156-3159,2000","Needs structure completeness validation."
"FSCTL","Identity","Find Files By SID","FSCTL_FIND_FILES_BY_SID","2.0.2-3.1.1","yes","yes","sparse","partial","P2","MS-FSCC","src/fs/ksmbd_fsctl.c:3161-3164","Needs domain SID mapping and authorization validation."
"FSCTL","Volume","Get NTFS Volume Data","FSCTL_GET_NTFS_VOLUME_DATA","2.0.2-3.1.1","yes","yes","sparse","partial","P2","MS-FSCC","src/fs/ksmbd_fsctl.c:3166-3169","Needs non-NTFS emulation compatibility review."
"FSCTL","Volume","Get Retrieval Pointers","FSCTL_GET_RETRIEVAL_POINTERS","2.0.2-3.1.1","yes","yes","sparse","partial","P2","MS-FSCC","src/fs/ksmbd_fsctl.c:3171-3174","Needs extent mapping accuracy validation."
"FSCTL","Link Tracking","LMR Get Link Track Info","FSCTL_LMR_GET_LINK_TRACK_INF","2.0.2-3.1.1","yes","yes","sparse","partial","P3","MS-FSCC","src/fs/ksmbd_fsctl.c:3176-3179","Low-use Windows feature; still part of surface."
"FSCTL","Link Tracking","LMR Set Link Track Info","FSCTL_LMR_SET_LINK_TRACK_INF","2.0.2-3.1.1","yes","yes","sparse","partial","P3","MS-FSCC","src/fs/ksmbd_fsctl.c:3181-3184","Needs behavior validation."
"FSCTL","Volume","Lock Volume","FSCTL_LOCK_VOLUME","2.0.2-3.1.1","yes","yes","sparse","partial","P2","MS-FSCC","src/fs/ksmbd_fsctl.c:3186-3189","Needs share-mode and open-handle interaction coverage."
"FSCTL","Named Pipe","Pipe Peek","FSCTL_PIPE_PEEK","2.0.2-3.1.1","yes","partial","moderate","partial","P0","MS-FSCC","src/fs/ksmbd_fsctl.c:3191-3194,726-758","No longer a zeroed stub: live RPC pipe state and pending response length are exposed, but full message-framing and Windows parity still need proof."
"FSCTL","Volume","Query FAT BPB","FSCTL_QUERY_FAT_BPB","2.0.2-3.1.1","yes","yes","sparse","partial","P3","MS-FSCC","src/fs/ksmbd_fsctl.c:3196-3199","Needs compatibility review on non-FAT backing filesystems."
"FSCTL","Volume","Query Sparing Info","FSCTL_QUERY_SPARING_INFO","2.0.2-3.1.1","yes","yes","sparse","partial","P3","MS-FSCC","src/fs/ksmbd_fsctl.c:3201-3204","Needs exact structure/status behavior validation."
"FSCTL","USN","Read File USN Data","FSCTL_READ_FILE_USN_DATA","2.0.2-3.1.1","yes","yes","sparse","partial","P2","MS-FSCC","src/fs/ksmbd_fsctl.c:3206-3209","Needs journal emulation and status behavior validation."
"FSCTL","Encryption","Read Raw Encrypted","FSCTL_READ_RAW_ENCRYPTED","2.0.2-3.1.1","yes","yes","sparse","partial","P2","MS-FSCC","src/fs/ksmbd_fsctl.c:3211-3214","Needs truthfulness versus EFS support."
"FSCTL","Tiering","Recall File","FSCTL_RECALL_FILE","2.0.2-3.1.1","yes","yes","sparse","partial","P3","MS-FSCC","src/fs/ksmbd_fsctl.c:3216-3219","Needs HSM/tiering semantics review."
"FSCTL","Oplock","Request Batch Oplock","FSCTL_REQUEST_BATCH_OPLOCK","2.0.2-3.1.1","yes","yes","sparse","partial","P1","MS-FSCC","src/fs/ksmbd_fsctl.c:3221-3224","Must align with oplock/lease state machine behavior."
"FSCTL","Oplock","Request Filter Oplock","FSCTL_REQUEST_FILTER_OPLOCK","2.0.2-3.1.1","yes","yes","sparse","partial","P1","MS-FSCC","src/fs/ksmbd_fsctl.c:3226-3229","Needs downgrade/upgrade interop validation."
"FSCTL","Oplock","Request Oplock Level 1","FSCTL_REQUEST_OPLOCK_LEVEL_1","2.0.2-3.1.1","yes","yes","sparse","partial","P1","MS-FSCC","src/fs/ksmbd_fsctl.c:3231-3234","Needs legacy oplock behavior coverage."
"FSCTL","Oplock","Request Oplock Level 2","FSCTL_REQUEST_OPLOCK_LEVEL_2","2.0.2-3.1.1","yes","yes","sparse","partial","P1","MS-FSCC","src/fs/ksmbd_fsctl.c:3236-3239","Needs shared oplock semantics coverage."
"FSCTL","Volume","Set Defect Management","FSCTL_SET_DEFECT_MANAGEMENT","2.0.2-3.1.1","yes","yes","sparse","partial","P3","MS-FSCC","src/fs/ksmbd_fsctl.c:3241-3244","Needs exact status behavior validation."
"FSCTL","Encryption","Set Encryption","FSCTL_SET_ENCRYPTION","2.0.2-3.1.1","yes","yes","sparse","partial","P2","MS-FSCC","src/fs/ksmbd_fsctl.c:3246-3249,2079","Needs truthfulness versus actual per-file encryption semantics."
"FSCTL","Filesystem","Set Short Name Behavior","FSCTL_SET_SHORT_NAME_BEHAVIOR","2.0.2-3.1.1","yes","yes","sparse","partial","P3","MS-FSCC","src/fs/ksmbd_fsctl.c:3251-3254","Needs 8.3 short-name policy validation."
"FSCTL","Filesystem","Set Zero On Deallocation","FSCTL_SET_ZERO_ON_DEALLOC","2.0.2-3.1.1","yes","yes","sparse","partial","P2","MS-FSCC","src/fs/ksmbd_fsctl.c:3256-3259,2053","Needs TRIM/discard and allocation interaction validation."
"FSCTL","SIS","SIS Copyfile","FSCTL_SIS_COPYFILE","2.0.2-3.1.1","yes","yes","sparse","partial","P3","MS-FSCC","src/fs/ksmbd_fsctl.c:3261-3264","Legacy low-use feature, still needs declared behavior."
"FSCTL","SIS","SIS Link Files","FSCTL_SIS_LINK_FILES","2.0.2-3.1.1","yes","yes","sparse","partial","P3","MS-FSCC","src/fs/ksmbd_fsctl.c:3266-3269","Needs legacy feature validation or de-advertisement."
"FSCTL","Volume","Unlock Volume","FSCTL_UNLOCK_VOLUME","2.0.2-3.1.1","yes","yes","sparse","partial","P2","MS-FSCC","src/fs/ksmbd_fsctl.c:3271-3274","Needs lock/unlock lifecycle coverage."
"FSCTL","Encryption","Write Raw Encrypted","FSCTL_WRITE_RAW_ENCRYPTED","2.0.2-3.1.1","yes","yes","sparse","partial","P2","MS-FSCC","src/fs/ksmbd_fsctl.c:3276-3279","Needs truthfulness versus EFS support."
"FSCTL","USN","Write USN Close Record","FSCTL_WRITE_USN_CLOSE_RECORD","2.0.2-3.1.1","yes","yes","sparse","partial","P3","MS-FSCC","src/fs/ksmbd_fsctl.c:3281-3284","Needs journal emulation validation."
"FSCTL","Validation","Validate Negotiate Info","FSCTL_VALIDATE_NEGOTIATE_INFO","3.0-3.1.1","yes","yes","sparse","partial","P1","MS-FSCC; MS-SMB2","src/fs/ksmbd_fsctl.c:3286-3289,1850","Must align with dialect/capability/signing truthfulness."
"FSCTL","Named Pipe","Pipe Transceive","FSCTL_PIPE_TRANSCEIVE","2.0.2-3.1.1","yes","yes","moderate","partial","P1","MS-FSCC","src/fs/ksmbd_fsctl.c; ksmbd-tools/mountd/rpc.c","Handle validation, async pending completion, and post-IOCTL pipe-state cleanup are implemented. Full DCE/RPC named-pipe semantics coverage is still broader than this row."
"FSCTL","Query","Query File Regions","FSCTL_QUERY_FILE_REGIONS","3.0-3.1.1","yes","yes","sparse","partial","P2","MS-FSCC","src/fs/ksmbd_fsctl.c:3296-3299,2097","Needs sparse/region reporting accuracy validation."
"FSCTL","Integrity","Get Integrity Information","FSCTL_GET_INTEGRITY_INFORMATION","3.0-3.1.1","yes","yes","sparse","partial","P2","MS-FSCC","src/fs/ksmbd_fsctl.c:3301-3304,2300","Needs REFS/NTFS emulation compatibility review."
"FSCTL","Integrity","Set Integrity Information","FSCTL_SET_INTEGRITY_INFORMATION","3.0-3.1.1","yes","yes","sparse","partial","P2","MS-FSCC","src/fs/ksmbd_fsctl.c:3306-3309,2354","Needs backing-filesystem truthfulness review."
"FSCTL","Integrity","Set Integrity Information Ex","FSCTL_SET_INTEGRITY_INFORMATION_EX","3.0-3.1.1","yes","yes","sparse","partial","P2","MS-FSCC","src/fs/ksmbd_fsctl.c:3311-3314","Needs structure/status validation."
"FSCTL","Extents","Duplicate Extents Ex","FSCTL_DUPLICATE_EXTENTS_TO_FILE_EX","3.0-3.1.1","yes","yes","sparse","partial","P1","MS-FSCC","src/fs/ksmbd_fsctl.c:3316-3319,1471","Needs block-clone semantics validation."
"FSCTL","Handle","Mark Handle","FSCTL_MARK_HANDLE","3.0-3.1.1","yes","yes","sparse","partial","P2","MS-FSCC","src/fs/ksmbd_fsctl.c:3321-3324,1584-1603","Needs copy/ODX/source-handle semantics validation."
"FSCTL","ODX","Offload Read","FSCTL_OFFLOAD_READ","3.0-3.1.1","yes","yes","sparse","partial","P1","MS-FSCC","src/fs/ksmbd_fsctl.c:3326-3329,2372","Needs token lifetime and fallback behavior coverage."
"FSCTL","ODX","Offload Write","FSCTL_OFFLOAD_WRITE","3.0-3.1.1","yes","yes","sparse","partial","P1","MS-FSCC","src/fs/ksmbd_fsctl.c:3331-3334,2612-2729","Needs token validation and partial-write semantics coverage."
"FSCTL","BranchCache","Srv Read Hash","FSCTL_SRV_READ_HASH","2.1-3.1.1","yes","yes","sparse","partial","P2","MS-FSCC","src/fs/ksmbd_fsctl.c:3336-3339,2934","Needs BranchCache interoperability validation."
"FSCTL","Volume","Query On Disk Volume Info","FSCTL_QUERY_ON_DISK_VOLUME_INFO","3.0-3.1.1","yes","yes","sparse","partial","P2","MS-FSCC","src/fs/ksmbd_fsctl.c:3342-3345","Needs exact structure behavior validation."
"FSCTL","POSIX","Query POSIX WhoAmI","FSCTL_QUERY_POSIX_WHOAMI","3.1.1","yes","yes","sparse","partial","P1","SMB3 POSIX extensions","src/fs/ksmbd_fsctl.c:3348-3351,2987","Needs Linux client interop and identity mapping validation."
"FSCTL","Filesystem","File Level Trim","FSCTL_FILE_LEVEL_TRIM","3.0-3.1.1","yes","yes","sparse","partial","P2","MS-FSCC","src/fs/ksmbd_fsctl_extra.c:41-178,264-267","Extra handler exists; needs full output and partial-failure behavior coverage."
"FSCTL","Named Pipe","Pipe Wait","FSCTL_PIPE_WAIT","2.0.2-3.1.1","yes","partial","moderate","partial","P0","MS-FSCC","src/fs/ksmbd_fsctl_extra.c","Wire parsing, indefinite wait semantics, and live RPC pipe-availability probing are improved, but real listener-queue blocking semantics are still missing."
"RPC","Transport","Named-pipe DCE/RPC","IPC$ RPC over SMB","SMB1-3.1.1","yes","partial","moderate","partial","P0","MS-RPCE; MS-SMB2","ksmbd-tools/mountd/rpc.c; src/fs/ksmbd_fsctl.c:1927","Pipe handle validation, live QUERY_INFO state, and FSCTL transceive semantics are improved, but broad DCE/RPC bind/fragment/auth/interface proof is still missing."
"RPC","Interface","Server Service","srvsvc","SMB1-3.1.1","yes","yes","sparse","partial","P1","MS-SRVS","ksmbd-tools/mountd/rpc_srvsvc.c","Only a small opnum subset is implemented."
"RPC","Interface","Workstation Service","wkssvc","SMB1-3.1.1","yes","yes","sparse","partial","P2","MS-WKST","ksmbd-tools/mountd/rpc_wkssvc.c","Single-opnum surface so far."
"RPC","Interface","Security Account Manager","samr","SMB1-3.1.1","yes","yes","sparse","partial","P1","MS-SAMR","ksmbd-tools/mountd/rpc_samr.c","Only partial domain/user management surface implemented."
"RPC","Interface","LSA/DSSetup","lsarpc","SMB1-3.1.1","yes","yes","sparse","partial","P1","MS-LSAT; MS-LSAD; MS-DRSR DS role subset","ksmbd-tools/mountd/rpc_lsarpc.c","Partial opnum coverage and interface disambiguation need validation."
"RPC","Legacy","RAP/LANMAN","LANMAN RAP","SMB1","yes","partial","sparse","partial","P2","Legacy RAP","ksmbd-tools/mountd/rpc.c","Legacy administrative surface should be separately tracked if SMB1 remains enabled."
"RPC","srvsvc","Share Enum All","srvsvc opnum 15","SMB1-3.1.1","no","yes","sparse","partial","P2","MS-SRVS","ksmbd-tools/mountd/rpc_srvsvc.c:37,466-491","Needs client compatibility and level coverage."
"RPC","srvsvc","Get Share Info","srvsvc opnum 16","SMB1-3.1.1","no","yes","sparse","partial","P2","MS-SRVS","ksmbd-tools/mountd/rpc_srvsvc.c:38,466-491","Needs info-level and access-control validation."
"RPC","wkssvc","NetWkstaGetInfo","wkssvc opnum 0","SMB1-3.1.1","no","yes","sparse","partial","P3","MS-WKST","ksmbd-tools/mountd/rpc_wkssvc.c:21,199-219","Needs info-level coverage."
"RPC","samr","Connect5","samr opnum 64","SMB1-3.1.1","no","yes","sparse","partial","P2","MS-SAMR","ksmbd-tools/mountd/rpc_samr.c:26,901-987","Needs authz and handle lifecycle validation."
"RPC","samr","Enum Domains","samr opnum 6","SMB1-3.1.1","no","yes","sparse","partial","P2","MS-SAMR","ksmbd-tools/mountd/rpc_samr.c:27,901-987","Needs resume handle and domain list behavior validation."
"RPC","samr","Lookup Domain","samr opnum 5","SMB1-3.1.1","no","yes","sparse","partial","P2","MS-SAMR","ksmbd-tools/mountd/rpc_samr.c:28,901-987","Needs SID lookup coverage."
"RPC","samr","Open Domain","samr opnum 7","SMB1-3.1.1","no","yes","sparse","partial","P2","MS-SAMR","ksmbd-tools/mountd/rpc_samr.c:29,901-987","Needs access mask validation."
"RPC","samr","Lookup Names","samr opnum 17","SMB1-3.1.1","no","yes","sparse","partial","P2","MS-SAMR","ksmbd-tools/mountd/rpc_samr.c:30,901-987","Needs name-type mapping coverage."
"RPC","samr","Open User","samr opnum 34","SMB1-3.1.1","no","yes","sparse","partial","P2","MS-SAMR","ksmbd-tools/mountd/rpc_samr.c:31,901-987","Needs handle ACL semantics validation."
"RPC","samr","Query User Info","samr opnum 36","SMB1-3.1.1","no","yes","sparse","partial","P2","MS-SAMR","ksmbd-tools/mountd/rpc_samr.c:32,901-987","Needs info-class breadth validation."
"RPC","samr","Query Security","samr opnum 3","SMB1-3.1.1","no","yes","sparse","partial","P2","MS-SAMR","ksmbd-tools/mountd/rpc_samr.c:33,901-987","Needs SD encoding validation."
"RPC","samr","Get Groups For User","samr opnum 39","SMB1-3.1.1","no","yes","sparse","partial","P2","MS-SAMR","ksmbd-tools/mountd/rpc_samr.c:34,901-987","Needs domain/group mapping coverage."
"RPC","samr","Get Alias Membership","samr opnum 16","SMB1-3.1.1","no","yes","sparse","partial","P2","MS-SAMR","ksmbd-tools/mountd/rpc_samr.c:35,901-987","Needs nested-group and SID translation validation."
"RPC","lsarpc","DS Role Get Primary Domain Info","lsarpc opnum 0","SMB1-3.1.1","no","yes","sparse","partial","P2","MS-LSAD / DS role subset","ksmbd-tools/mountd/rpc_lsarpc.c:27,656-719","Shares opnum value with CLOSE depending on bound interface; needs bind-context validation."
"RPC","lsarpc","Open Policy2","lsarpc opnum 44","SMB1-3.1.1","no","yes","sparse","partial","P2","MS-LSAD","ksmbd-tools/mountd/rpc_lsarpc.c:28,670-719","Needs access-mask and handle lifecycle validation."
"RPC","lsarpc","Query Info Policy","lsarpc opnum 7","SMB1-3.1.1","no","yes","sparse","partial","P2","MS-LSAD","ksmbd-tools/mountd/rpc_lsarpc.c:29,670-719","Needs info-class coverage."
"RPC","lsarpc","Lookup Sid2","lsarpc opnum 57","SMB1-3.1.1","no","yes","sparse","partial","P2","MS-LSAT","ksmbd-tools/mountd/rpc_lsarpc.c:30,676-719","Needs batch SID lookup compatibility coverage."
"RPC","lsarpc","Lookup Names3","lsarpc opnum 68","SMB1-3.1.1","no","yes","sparse","partial","P2","MS-LSAT","ksmbd-tools/mountd/rpc_lsarpc.c:31,679-719","Needs domain/name translation validation."
"SMB1","Transactions","Trans2 Open","TRANS2_OPEN","SMB1","implicit","no","sparse","non-compliant","P1","CIFS/NT LM SMB","src/protocol/smb1/smb1pdu.c:101,8330-8357","Named in the subcommand table but not handled in the TRANS2 dispatcher."
"SMB1","Transactions","Trans2 Find First","TRANS2_FIND_FIRST","SMB1","implicit","yes","sparse","partial","P2","CIFS/NT LM SMB","src/protocol/smb1/smb1pdu.c:102,8330-8357","Needs wildcard, resume, and Unicode interop closure."
"SMB1","Transactions","Trans2 Find Next","TRANS2_FIND_NEXT","SMB1","implicit","yes","sparse","partial","P2","CIFS/NT LM SMB","src/protocol/smb1/smb1pdu.c:103,8330-8357","Needs search handle continuation validation."
"SMB1","Transactions","Trans2 Query FS Information","TRANS2_QUERY_FS_INFORMATION","SMB1","implicit","yes","sparse","partial","P2","CIFS/NT LM SMB","src/protocol/smb1/smb1pdu.c:104,8330-8357","Needs filesystem information-class matrix coverage."
"SMB1","Transactions","Trans2 Set FS Information","TRANS2_SET_FS_INFORMATION","SMB1","implicit","yes","sparse","partial","P2","CIFS/NT LM SMB","src/protocol/smb1/smb1pdu.c:105,8330-8357","Needs volume semantics and status-code validation."
"SMB1","Transactions","Trans2 Query Path Information","TRANS2_QUERY_PATH_INFORMATION","SMB1","implicit","yes","sparse","partial","P2","CIFS/NT LM SMB","src/protocol/smb1/smb1pdu.c:106,8330-8357","Needs path info-level coverage including UNIX and POSIX variants."
"SMB1","Transactions","Trans2 Set Path Information","TRANS2_SET_PATH_INFORMATION","SMB1","implicit","yes","sparse","partial","P2","CIFS/NT LM SMB","src/protocol/smb1/smb1pdu.c:107,8330-8357","Needs rename, timestamps, and attribute mutation coverage."
"SMB1","Transactions","Trans2 Query File Information","TRANS2_QUERY_FILE_INFORMATION","SMB1","implicit","yes","sparse","partial","P1","CIFS/NT LM SMB","src/protocol/smb1/smb1pdu.c:108,8330-8357","High-value SMB1 information path with many subordinate info levels."
"SMB1","Transactions","Trans2 Set File Information","TRANS2_SET_FILE_INFORMATION","SMB1","implicit","yes","sparse","partial","P1","CIFS/NT LM SMB","src/protocol/smb1/smb1pdu.c:109,8330-8357","High-value SMB1 mutation path with many subordinate info levels."
"SMB1","Transactions","Trans2 Create Directory","TRANS2_CREATE_DIRECTORY","SMB1","implicit","yes","sparse","partial","P3","CIFS/NT LM SMB","src/protocol/smb1/smb1pdu.c:110,8330-8357","Needs EA and extended response validation."
"SMB1","Transactions","Trans2 Get DFS Referral","TRANS2_GET_DFS_REFERRAL","SMB1","implicit","yes","sparse","partial","P1","CIFS/NT LM SMB","src/protocol/smb1/smb1pdu.c:111,8330-8357","Must align with SMB2 DFS referral behavior and TTL semantics."
"SMB1","Transactions","Trans2 Report DFS Inconsistency","TRANS2_REPORT_DFS_INCOSISTENCY","SMB1","implicit","no","sparse","non-compliant","P2","CIFS/NT LM SMB","src/protocol/smb1/smb1pdu.c:112,8330-8357","Defined in the name table but not handled in the dispatcher."
"SMB1","Info Level","Query File Standard Info","SMB_QUERY_FILE_STANDARD_INFO","SMB1","implicit","yes","sparse","partial","P2","CIFS/NT LM SMB","src/protocol/smb1/smb1pdu.c:4824-4829,7509-7514","Needs exact size and field semantics coverage."
"SMB1","Info Level","Query File Basic Info","SMB_QUERY_FILE_BASIC_INFO","SMB1","implicit","yes","sparse","partial","P2","CIFS/NT LM SMB","src/protocol/smb1/smb1pdu.c:4867-4871,7547-7551","Needs DOS/NT timestamp mapping validation."
"SMB1","Info Level","Query File EA Info","SMB_QUERY_FILE_EA_INFO","SMB1","implicit","yes","sparse","partial","P3","CIFS/NT LM SMB","src/protocol/smb1/smb1pdu.c:4906-4910,7586-7590","Needs EA-count and error handling coverage."
"SMB1","Info Level","Query File Name Info","SMB_QUERY_FILE_NAME_INFO","SMB1","implicit","yes","sparse","partial","P3","CIFS/NT LM SMB","src/protocol/smb1/smb1pdu.c:4936-4942,7648-7654","Needs path normalization and encoding coverage."
"SMB1","Info Level","Query File All Info","SMB_QUERY_FILE_ALL_INFO","SMB1","implicit","yes","sparse","partial","P2","CIFS/NT LM SMB","src/protocol/smb1/smb1pdu.c:4978-4985,7691-7696","Compound information block must be bit-for-bit validated."
"SMB1","Info Level","Query Alt Name Info","SMB_QUERY_ALT_NAME_INFO","SMB1","implicit","yes","sparse","partial","P3","CIFS/NT LM SMB","src/protocol/smb1/smb1pdu.c:5057-5063","Needs 8.3 alias semantics coverage."
"SMB1","Info Level","Query UNIX Basic","SMB_QUERY_FILE_UNIX_BASIC","SMB1","implicit","yes","sparse","partial","P1","CIFS/NT LM SMB","src/protocol/smb1/smb1pdu.c:5097-5101,7616-7620","Critical for UNIX extensions; needs Linux/Samba interop proof."
"SMB1","Info Level","Query File Internal Info","SMB_QUERY_FILE_INTERNAL_INFO","SMB1","implicit","yes","sparse","partial","P3","CIFS/NT LM SMB","src/protocol/smb1/smb1pdu.c:5121-5125","Needs stable file-id semantics validation."
"SMB1","Info Level","Query UNIX Link","SMB_QUERY_FILE_UNIX_LINK","SMB1","implicit","yes","sparse","partial","P2","CIFS/NT LM SMB","src/protocol/smb1/smb1pdu.c:5147-5148","Needs symlink target encoding validation."
"SMB1","Info Level","Query POSIX ACL","SMB_QUERY_POSIX_ACL","SMB1","implicit","yes","sparse","partial","P2","CIFS/NT LM SMB","src/protocol/smb1/smb1pdu.c:5159-5160","Needs ACL encode/decode interop coverage."
"SMB1","Info Level","Query FS Volume Info","SMB_QUERY_FS_VOLUME_INFO","SMB1","implicit","yes","sparse","partial","P3","CIFS/NT LM SMB","src/protocol/smb1/smb1pdu.c:5379-5383","Needs volume label and serial validation."
"SMB1","Info Level","Query FS Size Info","SMB_QUERY_FS_SIZE_INFO","SMB1","implicit","yes","sparse","partial","P3","CIFS/NT LM SMB","src/protocol/smb1/smb1pdu.c:5397-5401","Needs allocation-unit semantics coverage."
"SMB1","Info Level","Query FS Full Size Info","SMB_QUERY_FS_FULL_SIZE_INFO","SMB1","implicit","yes","sparse","partial","P3","CIFS/NT LM SMB","src/protocol/smb1/smb1pdu.c:5411-5415","Needs caller-available versus actual free-space validation."
"SMB1","Info Level","Query FS Device Info","SMB_QUERY_FS_DEVICE_INFO","SMB1","implicit","yes","sparse","partial","P3","CIFS/NT LM SMB","src/protocol/smb1/smb1pdu.c:5426-5431","Needs device-type and characteristics validation."
"SMB1","Info Level","Query FS Attribute Info","SMB_QUERY_FS_ATTRIBUTE_INFO","SMB1","implicit","yes","sparse","partial","P3","CIFS/NT LM SMB","src/protocol/smb1/smb1pdu.c:5444-5448","Needs capability truthfulness validation."
"SMB1","Info Level","Query CIFS UNIX Info","SMB_QUERY_CIFS_UNIX_INFO","SMB1","implicit","yes","sparse","partial","P2","CIFS UNIX extensions","src/protocol/smb1/smb1pdu.c:5472-5476","Needs UNIX extension version/capability validation."
"SMB1","Info Level","Query POSIX FS Info","SMB_QUERY_POSIX_FS_INFO","SMB1","implicit","yes","sparse","partial","P2","POSIX extensions","src/protocol/smb1/smb1pdu.c:5493-5497","Needs POSIX statfs-like behavior coverage."
"SMB1","Info Level","Set CIFS UNIX Info","SMB_SET_CIFS_UNIX_INFO","SMB1","implicit","yes","sparse","partial","P2","CIFS UNIX extensions","src/protocol/smb1/smb1pdu.c:5227-5231","Needs capability mutation and persistence validation."
"SMB1","Info Level","Set UNIX Hardlink","SMB_SET_FILE_UNIX_HLINK","SMB1","implicit","yes","sparse","partial","P2","CIFS UNIX extensions","src/protocol/smb1/smb1pdu.c:6377-6399","Needs cross-directory and error mapping coverage."
"SMB1","Info Level","Set UNIX Symlink","SMB_SET_FILE_UNIX_LINK","SMB1","implicit","yes","sparse","partial","P2","CIFS UNIX extensions","src/protocol/smb1/smb1pdu.c:6377-6399","Needs symlink target and path encoding validation."
"SMB1","Info Level","Set File Basic Info","SMB_SET_FILE_BASIC_INFO","SMB1","implicit","yes","sparse","partial","P3","CIFS/NT LM SMB","src/protocol/smb1/smb1pdu.c:6383-6388,8164-8169","Needs timestamp and attribute mutation coverage."
"SMB1","Info Level","Set File Basic Info2","SMB_SET_FILE_BASIC_INFO2","SMB1","implicit","yes","sparse","partial","P3","CIFS/NT LM SMB","src/protocol/smb1/smb1pdu.c:6385-6388,8164-8169","Needs legacy alternate layout validation."
"SMB1","Info Level","Set File UNIX Basic","SMB_SET_FILE_UNIX_BASIC","SMB1","implicit","yes","sparse","partial","P2","CIFS UNIX extensions","src/protocol/smb1/smb1pdu.c:6388-6391,8157-8160","Needs mode/uid/gid/timestamp round-trip coverage."
"SMB1","Info Level","Set File EA","SMB_SET_FILE_EA","SMB1","implicit","yes","sparse","partial","P3","CIFS/NT LM SMB","src/protocol/smb1/smb1pdu.c:6391-6394,8144-8147","Needs EA persistence and truncation coverage."
"SMB1","Info Level","Set POSIX ACL","SMB_SET_POSIX_ACL","SMB1","implicit","yes","sparse","partial","P2","POSIX extensions","src/protocol/smb1/smb1pdu.c:6394-6397","Needs ACL encode/decode interop proof."
"SMB1","Info Level","Set EOF Info2","SMB_SET_FILE_END_OF_FILE_INFO2","SMB1","implicit","yes","sparse","partial","P3","CIFS/NT LM SMB","src/protocol/smb1/smb1pdu.c:6397-6399,8152-8154","Needs truncate and sparse-file behavior coverage."
"SMB1","Info Level","Set EOF Info","SMB_SET_FILE_END_OF_FILE_INFO","SMB1","implicit","yes","sparse","partial","P3","CIFS/NT LM SMB","src/protocol/smb1/smb1pdu.c:6399,8154-8157","Needs legacy truncate semantics validation."
"SMB1","Info Level","Set Allocation Info2","SMB_SET_FILE_ALLOCATION_INFO2","SMB1","implicit","yes","sparse","partial","P3","CIFS/NT LM SMB","src/protocol/smb1/smb1pdu.c:8147-8149","Needs preallocation semantics validation."
"SMB1","Info Level","Set Allocation Info","SMB_SET_FILE_ALLOCATION_INFO","SMB1","implicit","yes","sparse","partial","P3","CIFS/NT LM SMB","src/protocol/smb1/smb1pdu.c:8149-8152","Needs backing-filesystem behavior validation."
"SMB1","Info Level","Set File Disposition Info","SMB_SET_FILE_DISPOSITION_INFO","SMB1","implicit","yes","sparse","partial","P2","CIFS/NT LM SMB","src/protocol/smb1/smb1pdu.c:8160-8164","Needs delete-on-close and share-mode coverage."
"SMB1","Info Level","Set File Disposition Information","SMB_SET_FILE_DISPOSITION_INFORMATION","SMB1","implicit","yes","sparse","partial","P2","CIFS/NT LM SMB","src/protocol/smb1/smb1pdu.c:8161-8164","Needs alternate structure-layout coverage."
"SMB1","Info Level","Set File Rename Information","SMB_SET_FILE_RENAME_INFORMATION","SMB1","implicit","yes","sparse","partial","P2","CIFS/NT LM SMB","src/protocol/smb1/smb1pdu.c:8169","Needs overwrite and access-check semantics coverage."
"SMB1","NT Transact","Create","NT_TRANSACT_CREATE","SMB1","implicit","yes","sparse","partial","P1","CIFS/NT LM SMB","src/protocol/smb1/smb1pdu.c:9843-9945,10345-10360","Needs parity validation against NT_CREATE_ANDX semantics."
"SMB1","NT Transact","IOCTL","NT_TRANSACT_IOCTL","SMB1","implicit","partial","sparse","partial","P1","CIFS/NT LM SMB","src/protocol/smb1/smb1pdu.c:9960-9990,10347","Needs FSCTL/IOCTL subfunction compatibility matrix."
"SMB1","NT Transact","Set Security Descriptor","NT_TRANSACT_SET_SECURITY_DESC","SMB1","implicit","yes","sparse","partial","P2","CIFS/NT LM SMB","src/protocol/smb1/smb1pdu.c:10003-10048,10349","Needs SD access-check and inheritance coverage."
"SMB1","NT Transact","Notify Change","NT_TRANSACT_NOTIFY_CHANGE","SMB1","implicit","partial","sparse","partial","P1","CIFS/NT LM SMB","src/protocol/smb1/smb1pdu.c:10049-10106,10351","Still depends on robust SMB1 notify queue semantics."
"SMB1","NT Transact","Rename","NT_TRANSACT_RENAME","SMB1","implicit","yes","sparse","partial","P2","CIFS/NT LM SMB","src/protocol/smb1/smb1pdu.c:10107-10195,10353","Needs overwrite and name-length edge-case coverage."
"SMB1","NT Transact","Query Security Descriptor","NT_TRANSACT_QUERY_SECURITY_DESC","SMB1","implicit","yes","sparse","partial","P2","CIFS/NT LM SMB","src/protocol/smb1/smb1pdu.c:10196-10295,10355","Needs owner/group/DACL/SACL mask validation."
"SMB1","NT Transact","Get User Quota","NT_TRANSACT_GET_USER_QUOTA","SMB1","implicit","no","sparse","non-compliant","P1","CIFS/NT LM SMB","src/protocol/smb1/smb1pdu.c:10296-10317,10357","Currently returns not supported."
"SMB1","NT Transact","Set User Quota","NT_TRANSACT_SET_USER_QUOTA","SMB1","implicit","no","sparse","non-compliant","P1","CIFS/NT LM SMB","src/protocol/smb1/smb1pdu.c:10296-10317,10359","Currently returns not supported."
"SMB2/3","Query Directory","Directory Information","FILE_DIRECTORY_INFORMATION","2.0.2-3.1.1","implicit","yes","sparse","partial","P2","MS-FSCC","src/protocol/smb2/smb2_dir.c:68-70,127,347,843,1051","Needs pagination and resume-index validation."
"SMB2/3","Query Directory","Full Directory Information","FILE_FULL_DIRECTORY_INFORMATION","2.0.2-3.1.1","implicit","yes","moderate","partial","P2","MS-FSCC","src/protocol/smb2/smb2_dir.c:64,107,302,819,1049","Needs EA size and exact packing validation."
"SMB2/3","Query Directory","Both Directory Information","FILE_BOTH_DIRECTORY_INFORMATION","2.0.2-3.1.1","implicit","yes","moderate","partial","P2","MS-FSCC","src/protocol/smb2/smb2_dir.c:66,117,321,831,1050","Needs short-name population rules validation."
"SMB2/3","Query Directory","Names Information","FILE_NAMES_INFORMATION","2.0.2-3.1.1","implicit","yes","moderate","partial","P3","MS-FSCC","src/protocol/smb2/smb2_dir.c:70,137,359,855,1052","Simpler info class but still needs exact packing checks."
"SMB2/3","Query Directory","POSIX Directory Information","SMB_FIND_FILE_POSIX_INFO","3.1.1","implicit","yes","sparse","partial","P1","SMB3 POSIX extensions","src/protocol/smb2/smb2_dir.c:97,237,598,965,1062","Needs Linux POSIX client interoperability proof."
"SMB2/3","Query Info","File Access Information","FILE_ACCESS_INFORMATION","2.0.2-3.1.1","implicit","yes","sparse","partial","P3","MS-FSCC","src/protocol/smb2/smb2_query_set.c:1464-1468","Needs mask normalization validation."
"SMB2/3","Query Info","File Basic Information","FILE_BASIC_INFORMATION","2.0.2-3.1.1","implicit","yes","moderate","partial","P2","MS-FSCC","src/protocol/smb2/smb2_query_set.c:1469-1473","Needs timestamp granularity and attribute mapping coverage."
"SMB2/3","Query Info","File Standard Information","FILE_STANDARD_INFORMATION","2.0.2-3.1.1","implicit","yes","moderate","partial","P2","MS-FSCC","src/protocol/smb2/smb2_query_set.c:1474-1478","Needs allocation/EOF/delete-pending semantics validation."
"SMB2/3","Query Info","File Alignment Information","FILE_ALIGNMENT_INFORMATION","2.0.2-3.1.1","implicit","yes","sparse","partial","P4","MS-FSCC","src/protocol/smb2/smb2_query_set.c:1479-1483","Low-risk but needs exact value validation."
"SMB2/3","Query Info","File All Information","FILE_ALL_INFORMATION","2.0.2-3.1.1","implicit","yes","moderate","partial","P1","MS-FSCC","src/protocol/smb2/smb2_query_set.c:1484-1496","Composite information block requires byte-for-byte validation."
"SMB2/3","Query Info","File Alternate Name Information","FILE_ALTERNATE_NAME_INFORMATION","2.0.2-3.1.1","implicit","yes","sparse","partial","P3","MS-FSCC","src/protocol/smb2/smb2_query_set.c:1497-1501","Needs 8.3 policy validation."
"SMB2/3","Query Info","File Stream Information","FILE_STREAM_INFORMATION","2.0.2-3.1.1","implicit","yes","moderate","partial","P2","MS-FSCC","src/protocol/smb2/smb2_query_set.c:1502-1506","Needs named-stream enumeration coverage."
"SMB2/3","Query Info","File Internal Information","FILE_INTERNAL_INFORMATION","2.0.2-3.1.1","implicit","yes","sparse","partial","P3","MS-FSCC","src/protocol/smb2/smb2_query_set.c:1507-1511","Needs stable file-id validation."
"SMB2/3","Query Info","File Network Open Information","FILE_NETWORK_OPEN_INFORMATION","2.0.2-3.1.1","implicit","yes","sparse","partial","P2","MS-FSCC","src/protocol/smb2/smb2_query_set.c:1512-1516","Needs reopen and cached-metadata consistency validation."
"SMB2/3","Query Info","File EA Information","FILE_EA_INFORMATION","2.0.2-3.1.1","implicit","yes","sparse","partial","P3","MS-FSCC","src/protocol/smb2/smb2_query_set.c:1517-1521","Needs EA count semantics validation."
"SMB2/3","Query Info","File Full EA Information","FILE_FULL_EA_INFORMATION","2.0.2-3.1.1","implicit","yes","sparse","partial","P2","MS-FSCC","src/protocol/smb2/smb2_query_set.c:1522-1525","Needs enumeration and truncation behavior coverage."
"SMB2/3","Query Info","File Position Information","FILE_POSITION_INFORMATION","2.0.2-3.1.1","implicit","yes","sparse","partial","P4","MS-FSCC","src/protocol/smb2/smb2_query_set.c:1526-1530","Low-risk but needs exact offset semantics validation."
"SMB2/3","Query Info","File Mode Information","FILE_MODE_INFORMATION","2.0.2-3.1.1","implicit","yes","sparse","partial","P3","MS-FSCC","src/protocol/smb2/smb2_query_set.c:1531-1535","Needs mode bit truthfulness validation."
"SMB2/3","Query Info","File Compression Information","FILE_COMPRESSION_INFORMATION","2.0.2-3.1.1","implicit","yes","sparse","partial","P2","MS-FSCC","src/protocol/smb2/smb2_query_set.c:1536-1540","Needs alignment with FSCTL compression semantics."
"SMB2/3","Query Info","File Object ID Information","FILE_OBJECT_ID_INFORMATION","2.0.2-3.1.1","implicit","yes","sparse","partial","P2","MS-FSCC","src/protocol/smb2/smb2_query_set.c:1541-1545","Needs alignment with object-id FSCTL behavior."
"SMB2/3","Query Info","File Reparse Point Information","FILE_REPARSE_POINT_INFORMATION","2.0.2-3.1.1","implicit","yes","sparse","partial","P1","MS-FSCC","src/protocol/smb2/smb2_query_set.c:1546-1550","Depends on reparse-point FSCTL completeness."
"SMB2/3","Query Info","File Attribute Tag Information","FILE_ATTRIBUTE_TAG_INFORMATION","2.0.2-3.1.1","implicit","yes","sparse","partial","P2","MS-FSCC","src/protocol/smb2/smb2_query_set.c:1551-1554","Needs reparse-tag truthfulness validation."
"SMB2/3","Query Info","File Standard Link Information","FILE_STANDARD_LINK_INFORMATION","2.0.2-3.1.1","implicit","yes","sparse","partial","P2","MS-FSCC","src/protocol/smb2/smb2_query_set.c:1555-1558","Needs hardlink-count and delete-pending semantics validation."
"SMB2/3","Query Info","File ID Information","FILE_ID_INFORMATION","2.0.2-3.1.1","implicit","yes","sparse","partial","P2","MS-FSCC","src/protocol/smb2/smb2_query_set.c:1559-1565","Needs stable file-id behavior coverage."
"SMB2/3","Query Info","File Stat LX Information","FILE_STAT_LX_INFORMATION","3.1.1","implicit","yes","sparse","partial","P1","WSL/POSIX extensions","src/protocol/smb2/smb2_query_set.c:1577-1590","Needs Linux metadata interoperability validation."
"SMB2/3","Query Info","File Case Sensitive Information","FILE_CASE_SENSITIVE_INFORMATION","3.1.1","implicit","yes","sparse","partial","P2","WSL/POSIX extensions","src/protocol/smb2/smb2_query_set.c:1591-1607","Needs per-directory casefolding semantics validation."
"SMB2/3","Query Info","Filesystem Device Information","FS_DEVICE_INFORMATION","2.0.2-3.1.1","implicit","yes","sparse","partial","P3","MS-FSCC","src/protocol/smb2/smb2_query_set.c:1672-1688","Needs exact device characteristics validation."
"SMB2/3","Query Info","Filesystem Attribute Information","FS_ATTRIBUTE_INFORMATION","2.0.2-3.1.1","implicit","yes","sparse","partial","P2","MS-FSCC","src/protocol/smb2/smb2_query_set.c:1689-1726","Capability bits must remain truthful."
"SMB2/3","Query Info","Filesystem Volume Information","FS_VOLUME_INFORMATION","2.0.2-3.1.1","implicit","yes","sparse","partial","P3","MS-FSCC","src/protocol/smb2/smb2_query_set.c:1727-1753","Needs label and serial validation."
"SMB2/3","Query Info","Filesystem Size Information","FS_SIZE_INFORMATION","2.0.2-3.1.1","implicit","yes","sparse","partial","P3","MS-FSCC","src/protocol/smb2/smb2_query_set.c:1754-1775","Needs free-space semantics validation."
"SMB2/3","Query Info","Filesystem Full Size Information","FS_FULL_SIZE_INFORMATION","2.0.2-3.1.1","implicit","yes","sparse","partial","P3","MS-FSCC","src/protocol/smb2/smb2_query_set.c:1776-1793","Needs quota-aware free-space behavior coverage."
"SMB2/3","Query Info","Filesystem Object ID Information","FS_OBJECT_ID_INFORMATION","2.0.2-3.1.1","implicit","yes","sparse","partial","P3","MS-FSCC","src/protocol/smb2/smb2_query_set.c:1794-1819","Needs exact structure semantics validation."
"SMB2/3","Query Info","Filesystem Sector Size Information","FS_SECTOR_SIZE_INFORMATION","3.0-3.1.1","implicit","yes","sparse","partial","P3","MS-FSCC","src/protocol/smb2/smb2_query_set.c:1820-1841","Needs storage topology truthfulness review."
"SMB2/3","Query Info","Filesystem Control Information","FS_CONTROL_INFORMATION","3.0-3.1.1","implicit","yes","sparse","partial","P3","MS-FSCC","src/protocol/smb2/smb2_query_set.c:1842-1861","Needs quota/threshold field semantics validation."
"SMB2/3","Query Info","Filesystem POSIX Information","FS_POSIX_INFORMATION","3.1.1","implicit","yes","sparse","partial","P1","SMB3 POSIX extensions","src/protocol/smb2/smb2_query_set.c:1862-1879","Needs Linux client interoperability proof."
"SMB2/3","Set Info","File Basic Information","FILE_BASIC_INFORMATION(set)","2.0.2-3.1.1","implicit","yes","moderate","partial","P2","MS-FSCC","src/protocol/smb2/smb2_query_set.c:3734-3740","Needs timestamp/attribute mutation interop coverage."
"SMB2/3","Set Info","File Allocation Information","FILE_ALLOCATION_INFORMATION","2.0.2-3.1.1","implicit","yes","sparse","partial","P2","MS-FSCC","src/protocol/smb2/smb2_query_set.c:3741-3748","Needs preallocation semantics validation."
"SMB2/3","Set Info","File End Of File Information","FILE_END_OF_FILE_INFORMATION","2.0.2-3.1.1","implicit","yes","sparse","partial","P2","MS-FSCC","src/protocol/smb2/smb2_query_set.c:3749-3756","Needs truncate semantics validation."
"SMB2/3","Set Info","File Rename Information","FILE_RENAME_INFORMATION","2.0.2-3.1.1","implicit","yes","moderate","partial","P1","MS-FSCC","src/protocol/smb2/smb2_query_set.c:3757-3766","Needs overwrite and share-mode semantics coverage."
"SMB2/3","Set Info","File Rename Information Bypass Access Check","FILE_RENAME_INFORMATION_BYPASS_ACCESS_CHECK","2.0.2-3.1.1","implicit","yes","sparse","partial","P1","MS-FSCC","src/protocol/smb2/smb2_query_set.c:3757-3766","Needs privilege and access-bypass semantics validation."
"SMB2/3","Set Info","File Rename Information Ex","FILE_RENAME_INFORMATION_EX","3.1.1","implicit","yes","sparse","partial","P1","MS-FSCC","src/protocol/smb2/smb2_query_set.c:3767-3776","POSIX rename semantics need direct interop closure."
"SMB2/3","Set Info","File Rename Information Ex Bypass Access Check","FILE_RENAME_INFORMATION_EX_BYPASS_ACCESS_CHECK","3.1.1","implicit","yes","sparse","partial","P1","MS-FSCC","src/protocol/smb2/smb2_query_set.c:3767-3776","Needs privilege and POSIX rename interaction coverage."
"SMB2/3","Set Info","File Link Information","FILE_LINK_INFORMATION","2.0.2-3.1.1","implicit","yes","sparse","partial","P2","MS-FSCC","src/protocol/smb2/smb2_query_set.c:3777-3787","Needs hardlink creation semantics coverage."
"SMB2/3","Set Info","File Link Information Bypass Access Check","FILE_LINK_INFORMATION_BYPASS_ACCESS_CHECK","2.0.2-3.1.1","implicit","yes","sparse","partial","P2","MS-FSCC","src/protocol/smb2/smb2_query_set.c:3777-3787","Needs privilege semantics validation."
"SMB2/3","Set Info","File Disposition Information","FILE_DISPOSITION_INFORMATION","2.0.2-3.1.1","implicit","yes","moderate","partial","P1","MS-FSCC","src/protocol/smb2/smb2_query_set.c:3788-3795","Needs delete-on-close and share-mode interop coverage."
"SMB2/3","Set Info","File Disposition Information Ex","FILE_DISPOSITION_INFORMATION_EX","3.1.1","implicit","yes","sparse","partial","P1","MS-FSCC","src/protocol/smb2/smb2_query_set.c:3796-3803","POSIX delete semantics need direct interoperability proof."
"SMB2/3","Set Info","File Full EA Information","FILE_FULL_EA_INFORMATION(set)","2.0.2-3.1.1","implicit","yes","sparse","partial","P2","MS-FSCC","src/protocol/smb2/smb2_query_set.c:3804-3817","Needs EA mutation semantics coverage."
"SMB2/3","Set Info","File Position Information","FILE_POSITION_INFORMATION(set)","2.0.2-3.1.1","implicit","yes","sparse","partial","P4","MS-FSCC","src/protocol/smb2/smb2_query_set.c:3818-3824","Low-risk but still needs exact semantics validation."
"SMB2/3","Set Info","File Mode Information","FILE_MODE_INFORMATION(set)","2.0.2-3.1.1","implicit","yes","sparse","partial","P3","MS-FSCC","src/protocol/smb2/smb2_query_set.c:3825-3831","Needs mode-bit acceptance and rejection coverage."
"SMB2/3","Set Info","File Object ID Information","FILE_OBJECT_ID_INFORMATION(set)","2.0.2-3.1.1","implicit","yes","sparse","partial","P2","MS-FSCC","src/protocol/smb2/smb2_query_set.c:3832-3833","Needs coherence with FSCTL object-id operations."
"SMB2/3","Set Info","File Valid Data Length Information","FILE_VALID_DATA_LENGTH_INFORMATION","2.0.2-3.1.1","implicit","yes","sparse","partial","P2","MS-FSCC","src/protocol/smb2/smb2_query_set.c:3834","Needs privilege and zero-fill semantics validation."
"SMB2/3","Info Type","Security Information Type","SMB2_O_INFO_SECURITY","2.0.2-3.1.1","implicit","yes","sparse","partial","P1","MS-SMB2; MS-DTYP","src/protocol/smb2/smb2_query_set.c:2164-2167,4055-4060","Needs owner/group/DACL/SACL query/set matrix coverage."
"SMB2/3","Info Type","Quota Information Type","SMB2_O_INFO_QUOTA","2.0.2-3.1.1","implicit","yes","sparse","partial","P1","MS-SMB2; MS-FSCC","src/protocol/smb2/smb2_query_set.c:2168-2174,4061-4064","Quota semantics remain unproven."
"Transport","RDMA","Negotiated transport metadata","SMB Direct negotiate response","3.0-3.1.1","yes","yes","sparse","partial","P1","MS-SMBD","src/transport/transport_rdma.c:2515-2708","Needs wire-level negotiation validation."
"Transport","RDMA","Credit flow control","SMB Direct credits","3.0-3.1.1","yes","yes","sparse","partial","P1","MS-SMBD","src/transport/transport_rdma.c:2645-2802","Needs high-load credit accounting coverage."
"Transport","RDMA","RDMA read/write path","SMB Direct data transfer","3.0-3.1.1","yes","yes","sparse","partial","P1","MS-SMBD","src/transport/transport_rdma.c:2132-2396","Needs payload integrity and large-I/O coverage."
"Transport","RDMA","Transform wrapping","SMB Direct transform header","3.1.1","yes","partial","moderate","partial","P0","MS-SMBD","src/transport/transport_rdma.c:1797-2045; src/protocol/smb2/smb2_read_write.c","Unsupported transform negotiation is suppressed and transformed SMB2 RDMA channels are explicitly rejected, so the transport is truthful. Full RDMA transform header crypto is still open."
"Transport","QUIC","Initial and Handshake packets","QUIC handshake packets","3.1.1","yes","yes","sparse","partial","P1","RFC 9000/9001; MS-SMB2 Appendix C","src/transport/transport_quic.c:547-877","Needs interoperability proof against real clients."
"Transport","QUIC","Stateless Retry","QUIC retry token","3.1.1","yes","yes","sparse","partial","P2","RFC 9000","src/transport/transport_quic.c:347-360","Needs client retry interoperability coverage."
"Transport","QUIC","Handshake delegation IPC","SMBD_QUIC generic netlink","3.1.1","yes","yes","moderate","partial","P1","Project transport contract","src/transport/transport_quic.c; ksmbd-tools/mountd/ipc.c; ksmbd-tools/mountd/quic_picotls.c","The generic-netlink delegate now has a real picotls-backed handshake implementation and direct userspace regression coverage. Failure-mode and timeout coverage still need broader transport-level proof."
"Transport","QUIC","Stream framing","QUIC STREAM to SMB framing","3.1.1","yes","yes","sparse","partial","P1","MS-SMB2 Appendix C","src/transport/transport_quic.c:292-297,151-159","Needs fragmentation, FIN, and reassembly coverage."
"Transport","QUIC","Transport capability signaling","SMB over QUIC transport security","3.1.1","yes","yes","moderate","partial","P0","MS-SMB2","src/protocol/smb2/smb2_negotiate.c:539-551; src/transport/transport_quic.c","Secure-transport advertisement is now transport-owned and QUIC listener exposure is gated on a registered delegate. Remaining gap is live QUIC interop proof, not the old false-advertisement bug."
"Apple","AAPL","Server Query","kAAPL_SERVER_QUERY","2.1-3.1.1","yes","yes","sparse","partial","P1","Apple SMB extensions","src/include/protocol/smb2pdu.h:899-904; src/protocol/smb2/smb2fruit.c:308-339","Needs macOS Finder interoperability validation."
"Apple","AAPL","Volume Capabilities","kAAPL volume caps","2.1-3.1.1","yes","yes","sparse","partial","P1","Apple SMB extensions","src/protocol/smb2/smb2fruit.c:691-720","Advertised bits must stay truthful against feature support."
"Apple","AAPL","File Mode Context","AAPL file mode","2.1-3.1.1","yes","yes","sparse","partial","P2","Apple SMB extensions","src/include/protocol/smb2pdu.h:866-875; src/protocol/smb2/smb2fruit.c:293-301","Needs macOS metadata round-trip coverage."
"Apple","AAPL","Directory Hardlinks Context","AAPL dir hardlinks","2.1-3.1.1","yes","yes","sparse","partial","P2","Apple SMB extensions","src/include/protocol/smb2pdu.h:878-887; src/protocol/smb2/smb2fruit.c:297-301","Needs Finder behavior validation."
"Apple","AAPL","AFP_AfpInfo stream semantics","AFP_AfpInfo","2.1-3.1.1","yes","yes","sparse","partial","P1","Apple SMB extensions","src/protocol/smb2/smb2fruit.c:369-572","Needs exact FinderInfo persistence and stream behavior coverage."
"Apple","AAPL","Time Machine quota semantics","Time Machine quota","2.1-3.1.1","yes","yes","sparse","partial","P2","Apple SMB extensions","src/protocol/smb2/smb2fruit.c:573-629","Needs real Time Machine client interoperability coverage."
"Apple","AAPL","Resolve ID support","kAAPL_SUPPORT_RESOLVE_ID / FSCTL_AAPL_RESOLVE_ID","2.1-3.1.1","no","no","sparse","non-compliant","P1","Apple SMB extensions","src/protocol/smb2/smb2fruit.c:696-713; src/fs/vfs.c:2290","Full Apple compatibility target requires a real resolve-id operation."
"Apple","AAPL","Read Dir Attr capability","kAAPL_SUPPORTS_READ_DIR_ATTR","2.1-3.1.1","no","partial","sparse","non-compliant","P2","Apple SMB extensions","src/protocol/smb2/smb2fruit.c:103-106,773-776","Capability is intentionally not advertised and needs proper wire validation."
"RPC","DCE/RPC","Bind","DCERPC_PTYPE_RPC_BIND","SMB1-3.1.1","yes","yes","sparse","partial","P1","MS-RPCE","ksmbd-tools/mountd/rpc.c:1021-1270,1353-1357","Needs bind-context acceptance/rejection matrix coverage."
"RPC","DCE/RPC","Alter Context","DCERPC_PTYPE_RPC_ALTCONT","SMB1-3.1.1","yes","yes","sparse","partial","P1","MS-RPCE","ksmbd-tools/mountd/rpc.c:1206-1270,1353-1354","Needs alter-context interoperability validation."
"RPC","DCE/RPC","Bind Ack / Bind Nack","DCERPC_PTYPE_RPC_BINDACK / BINDNACK","SMB1-3.1.1","yes","yes","sparse","partial","P1","MS-RPCE","ksmbd-tools/mountd/rpc.c:1141-1270","Needs exact result and transfer-syntax negotiation validation."
"RPC","DCE/RPC","Request / Response dispatch","DCERPC_PTYPE_RPC_REQUEST / RESPONSE","SMB1-3.1.1","yes","yes","sparse","partial","P1","MS-RPCE","ksmbd-tools/mountd/rpc.c:921,1357-1420","Needs fragment sizing, fault behavior, and auth coverage."
"RPC","DCE/RPC","Association groups","assoc_group_id handling","SMB1-3.1.1","yes","yes","sparse","partial","P2","MS-RPCE","ksmbd-tools/mountd/rpc.c:1021-1023,1183-1192","Needs reconnect and multi-bind behavior validation."
"RPC","DCE/RPC","Fragmentation and reassembly","RPC fragment sizing","SMB1-3.1.1","implicit","partial","sparse","partial","P1","MS-RPCE","ksmbd-tools/mountd/rpc.c:1003-1035,1186-1222","Needs oversized request and multi-fragment interoperability proof."
"FSCTL","DFS","Get Referrals","FSCTL_DFS_GET_REFERRALS","SMB1-3.1.1","yes","yes","sparse","partial","P1","MS-DFSC","src/fs/ksmbd_dfs.c:499-505","Needs referral format/version and TTL validation."
"FSCTL","DFS","Get Referrals Ex","FSCTL_DFS_GET_REFERRALS_EX","SMB2/3","yes","yes","sparse","partial","P1","MS-DFSC","src/fs/ksmbd_dfs.c:499-505","Needs EX request parsing and target list validation."
"FSCTL","VSS","Enumerate Snapshots","FSCTL_SRV_ENUMERATE_SNAPSHOTS","SMB2/3","yes","yes","sparse","partial","P1","MS-SMB2; VSS behavior","src/fs/ksmbd_vss.c:714","Needs client-visible snapshot naming and count semantics validation."
"FSCTL","Resiliency","Request Resiliency","FSCTL_LMR_REQUEST_RESILIENCY","3.0-3.1.1","yes","yes","sparse","partial","P1","MS-SMB2","src/fs/ksmbd_resilient.c:8-51,110","Needs durable-handle and reconnect interaction coverage."
"FSCTL","Reparse","Set Reparse Point","FSCTL_SET_REPARSE_POINT","3.0-3.1.1","yes","yes","sparse","partial","P1","MS-FSCC","src/fs/ksmbd_reparse.c:1215","Needs tag-specific validation and symlink/junction interoperability coverage."
"FSCTL","Reparse","Get Reparse Point","FSCTL_GET_REPARSE_POINT","3.0-3.1.1","yes","yes","sparse","partial","P1","MS-FSCC","src/fs/ksmbd_reparse.c:1221","Needs exact buffer packing and status behavior validation."
"FSCTL","Reparse","Delete Reparse Point","FSCTL_DELETE_REPARSE_POINT","3.0-3.1.1","yes","yes","sparse","partial","P1","MS-FSCC","src/fs/ksmbd_reparse.c:1227","Needs tag matching and deletion semantics coverage."
"FSCTL","Virtual Disk","Query Shared Virtual Disk Support","FSCTL_QUERY_SHARED_VIRTUAL_DISK_SUPPORT","3.0-3.1.1","yes","yes","sparse","partial","P2","MS-FSCC","src/fs/ksmbd_rsvd.c:593","Needs Hyper-V shared-VHDX interoperability validation."
"FSCTL","Virtual Disk","SVHDX Sync Tunnel Request","FSCTL_SVHDX_SYNC_TUNNEL_REQUEST","3.0-3.1.1","yes","yes","sparse","partial","P2","MS-FSCC","src/fs/ksmbd_rsvd.c:598","Needs Hyper-V tunnel semantics validation."
"FSCTL","Virtual Disk","SVHDX Async Tunnel Request","FSCTL_SVHDX_ASYNC_TUNNEL_REQUEST","3.0-3.1.1","yes","yes","sparse","partial","P2","MS-FSCC","src/fs/ksmbd_rsvd.c:603","Needs asynchronous tunnel semantics validation."
