"Operation","InfoType","InfoClass","Dialects","Implemented","CurrentStatus","PrimarySource","RequiredCoverage","Notes"
"QUERY_DIRECTORY","FILE","FILE_DIRECTORY_INFORMATION","2.0.2-3.1.1","yes","partial","src/protocol/smb2/smb2_dir.c:68,127,347,843,1051","pagination, restart-scan, resume index","Directory baseline enumeration."
"QUERY_DIRECTORY","FILE","FILE_FULL_DIRECTORY_INFORMATION","2.0.2-3.1.1","yes","partial","src/protocol/smb2/smb2_dir.c:64,107,302,819,1049","EA size, exact packing","Needs byte-level validation."
"QUERY_DIRECTORY","FILE","FILE_BOTH_DIRECTORY_INFORMATION","2.0.2-3.1.1","yes","partial","src/protocol/smb2/smb2_dir.c:66,117,321,831,1050","short names, exact packing","Important for Windows clients."
"QUERY_DIRECTORY","FILE","FILE_NAMES_INFORMATION","2.0.2-3.1.1","yes","partial","src/protocol/smb2/smb2_dir.c:70,137,359,855,1052","minimal packing","Low risk but still needs exact wire proof."
"QUERY_DIRECTORY","FILE","SMB_FIND_FILE_POSIX_INFO","3.1.1","yes","partial","src/protocol/smb2/smb2_dir.c:97,237,598,965,1062","Linux POSIX client interop","POSIX extension path."
"QUERY_INFO","FILE","FILE_ACCESS_INFORMATION","2.0.2-3.1.1","yes","partial","src/protocol/smb2/smb2_query_set.c:1464-1468","mask normalization",""
"QUERY_INFO","FILE","FILE_BASIC_INFORMATION","2.0.2-3.1.1","yes","partial","src/protocol/smb2/smb2_query_set.c:1469-1473","timestamp granularity, attributes",""
"QUERY_INFO","FILE","FILE_STANDARD_INFORMATION","2.0.2-3.1.1","yes","partial","src/protocol/smb2/smb2_query_set.c:1474-1478","allocation/eof/delete pending",""
"QUERY_INFO","FILE","FILE_ALIGNMENT_INFORMATION","2.0.2-3.1.1","yes","partial","src/protocol/smb2/smb2_query_set.c:1479-1483","exact constant values",""
"QUERY_INFO","FILE","FILE_ALL_INFORMATION","2.0.2-3.1.1","yes","partial","src/protocol/smb2/smb2_query_set.c:1484-1496","compound block byte-for-byte","High-value composite response."
"QUERY_INFO","FILE","FILE_ALTERNATE_NAME_INFORMATION","2.0.2-3.1.1","yes","partial","src/protocol/smb2/smb2_query_set.c:1497-1501","8.3 alias semantics",""
"QUERY_INFO","FILE","FILE_STREAM_INFORMATION","2.0.2-3.1.1","yes","partial","src/protocol/smb2/smb2_query_set.c:1502-1506","named stream enumeration",""
"QUERY_INFO","FILE","FILE_INTERNAL_INFORMATION","2.0.2-3.1.1","yes","partial","src/protocol/smb2/smb2_query_set.c:1507-1511","stable file ID",""
"QUERY_INFO","FILE","FILE_NETWORK_OPEN_INFORMATION","2.0.2-3.1.1","yes","partial","src/protocol/smb2/smb2_query_set.c:1512-1516","cached metadata consistency",""
"QUERY_INFO","FILE","FILE_EA_INFORMATION","2.0.2-3.1.1","yes","partial","src/protocol/smb2/smb2_query_set.c:1517-1521","EA count semantics",""
"QUERY_INFO","FILE","FILE_FULL_EA_INFORMATION","2.0.2-3.1.1","yes","partial","src/protocol/smb2/smb2_query_set.c:1522-1525","EA enumeration and truncation",""
"QUERY_INFO","FILE","FILE_POSITION_INFORMATION","2.0.2-3.1.1","yes","partial","src/protocol/smb2/smb2_query_set.c:1526-1530","current file pointer semantics",""
"QUERY_INFO","FILE","FILE_MODE_INFORMATION","2.0.2-3.1.1","yes","partial","src/protocol/smb2/smb2_query_set.c:1531-1535","mode bit truthfulness",""
"QUERY_INFO","FILE","FILE_COMPRESSION_INFORMATION","2.0.2-3.1.1","yes","partial","src/protocol/smb2/smb2_query_set.c:1536-1540","alignment with compression FSCTLs",""
"QUERY_INFO","FILE","FILE_OBJECT_ID_INFORMATION","2.0.2-3.1.1","yes","partial","src/protocol/smb2/smb2_query_set.c:1541-1545","coherence with object-id FSCTLs",""
"QUERY_INFO","FILE","FILE_REPARSE_POINT_INFORMATION","2.0.2-3.1.1","yes","partial","src/protocol/smb2/smb2_query_set.c:1546-1550","reparse-tag truthfulness","Depends on reparse FSCTL completeness."
"QUERY_INFO","FILE","FILE_ATTRIBUTE_TAG_INFORMATION","2.0.2-3.1.1","yes","partial","src/protocol/smb2/smb2_query_set.c:1551-1554","attribute/reparse tag consistency",""
"QUERY_INFO","FILE","FILE_STANDARD_LINK_INFORMATION","2.0.2-3.1.1","yes","partial","src/protocol/smb2/smb2_query_set.c:1555-1558","hardlink/delete pending semantics",""
"QUERY_INFO","FILE","FILE_ID_INFORMATION","2.0.2-3.1.1","yes","partial","src/protocol/smb2/smb2_query_set.c:1559-1565","persistent identity",""
"QUERY_INFO","FILE","FILE_STAT_LX_INFORMATION","3.1.1","yes","partial","src/protocol/smb2/smb2_query_set.c:1577-1590","WSL/POSIX Linux metadata",""
"QUERY_INFO","FILE","FILE_CASE_SENSITIVE_INFORMATION","3.1.1","yes","partial","src/protocol/smb2/smb2_query_set.c:1591-1607","casefolding per-directory semantics",""
"QUERY_INFO","FILESYSTEM","FS_DEVICE_INFORMATION","2.0.2-3.1.1","yes","partial","src/protocol/smb2/smb2_query_set.c:1672-1688","device type and characteristics",""
"QUERY_INFO","FILESYSTEM","FS_ATTRIBUTE_INFORMATION","2.0.2-3.1.1","yes","partial","src/protocol/smb2/smb2_query_set.c:1689-1726","capability truthfulness",""
"QUERY_INFO","FILESYSTEM","FS_VOLUME_INFORMATION","2.0.2-3.1.1","yes","partial","src/protocol/smb2/smb2_query_set.c:1727-1753","serial and label correctness",""
"QUERY_INFO","FILESYSTEM","FS_SIZE_INFORMATION","2.0.2-3.1.1","yes","partial","src/protocol/smb2/smb2_query_set.c:1754-1775","free-space semantics",""
"QUERY_INFO","FILESYSTEM","FS_FULL_SIZE_INFORMATION","2.0.2-3.1.1","yes","partial","src/protocol/smb2/smb2_query_set.c:1776-1793","quota-aware free-space behavior",""
"QUERY_INFO","FILESYSTEM","FS_OBJECT_ID_INFORMATION","2.0.2-3.1.1","yes","partial","src/protocol/smb2/smb2_query_set.c:1794-1819","exact structure semantics",""
"QUERY_INFO","FILESYSTEM","FS_SECTOR_SIZE_INFORMATION","3.0-3.1.1","yes","partial","src/protocol/smb2/smb2_query_set.c:1820-1841","storage topology truthfulness",""
"QUERY_INFO","FILESYSTEM","FS_CONTROL_INFORMATION","3.0-3.1.1","yes","partial","src/protocol/smb2/smb2_query_set.c:1842-1861","quota/control fields",""
"QUERY_INFO","FILESYSTEM","FS_POSIX_INFORMATION","3.1.1","yes","partial","src/protocol/smb2/smb2_query_set.c:1862-1879","Linux POSIX interop",""
"QUERY_INFO","SECURITY","SMB2_O_INFO_SECURITY","2.0.2-3.1.1","yes","partial","src/protocol/smb2/smb2_query_set.c:2164-2167","owner/group/DACL/SACL matrix","Needs full security descriptor proof."
"QUERY_INFO","QUOTA","SMB2_O_INFO_QUOTA","2.0.2-3.1.1","yes","partial","src/protocol/smb2/smb2_query_set.c:2168-2174","quota query semantics","Still unproven."
"SET_INFO","FILE","FILE_BASIC_INFORMATION","2.0.2-3.1.1","yes","partial","src/protocol/smb2/smb2_query_set.c:3734-3740","timestamps and attributes",""
"SET_INFO","FILE","FILE_ALLOCATION_INFORMATION","2.0.2-3.1.1","yes","partial","src/protocol/smb2/smb2_query_set.c:3741-3748","preallocation semantics",""
"SET_INFO","FILE","FILE_END_OF_FILE_INFORMATION","2.0.2-3.1.1","yes","partial","src/protocol/smb2/smb2_query_set.c:3749-3756","truncate semantics",""
"SET_INFO","FILE","FILE_RENAME_INFORMATION","2.0.2-3.1.1","yes","partial","src/protocol/smb2/smb2_query_set.c:3757-3766","overwrite/share-mode semantics",""
"SET_INFO","FILE","FILE_RENAME_INFORMATION_BYPASS_ACCESS_CHECK","2.0.2-3.1.1","yes","partial","src/protocol/smb2/smb2_query_set.c:3757-3766","privilege semantics",""
"SET_INFO","FILE","FILE_RENAME_INFORMATION_EX","3.1.1","yes","partial","src/protocol/smb2/smb2_query_set.c:3767-3776","POSIX atomic rename semantics",""
"SET_INFO","FILE","FILE_RENAME_INFORMATION_EX_BYPASS_ACCESS_CHECK","3.1.1","yes","partial","src/protocol/smb2/smb2_query_set.c:3767-3776","POSIX rename + privilege",""
"SET_INFO","FILE","FILE_LINK_INFORMATION","2.0.2-3.1.1","yes","partial","src/protocol/smb2/smb2_query_set.c:3777-3787","hardlink creation semantics",""
"SET_INFO","FILE","FILE_LINK_INFORMATION_BYPASS_ACCESS_CHECK","2.0.2-3.1.1","yes","partial","src/protocol/smb2/smb2_query_set.c:3777-3787","hardlink + privilege",""
"SET_INFO","FILE","FILE_DISPOSITION_INFORMATION","2.0.2-3.1.1","yes","partial","src/protocol/smb2/smb2_query_set.c:3788-3795","delete-on-close/share-mode semantics",""
"SET_INFO","FILE","FILE_DISPOSITION_INFORMATION_EX","3.1.1","yes","partial","src/protocol/smb2/smb2_query_set.c:3796-3803","POSIX unlink semantics",""
"SET_INFO","FILE","FILE_FULL_EA_INFORMATION","2.0.2-3.1.1","yes","partial","src/protocol/smb2/smb2_query_set.c:3804-3817","EA mutation semantics",""
"SET_INFO","FILE","FILE_POSITION_INFORMATION","2.0.2-3.1.1","yes","partial","src/protocol/smb2/smb2_query_set.c:3818-3824","file pointer semantics",""
"SET_INFO","FILE","FILE_MODE_INFORMATION","2.0.2-3.1.1","yes","partial","src/protocol/smb2/smb2_query_set.c:3825-3831","mode bit acceptance/rejection",""
"SET_INFO","FILE","FILE_OBJECT_ID_INFORMATION","2.0.2-3.1.1","yes","partial","src/protocol/smb2/smb2_query_set.c:3832-3833","object-id coherence",""
"SET_INFO","FILE","FILE_VALID_DATA_LENGTH_INFORMATION","2.0.2-3.1.1","yes","partial","src/protocol/smb2/smb2_query_set.c:3834","valid-data-length privilege semantics",""
"SET_INFO","SECURITY","SMB2_O_INFO_SECURITY","2.0.2-3.1.1","yes","partial","src/protocol/smb2/smb2_query_set.c:4055-4060","owner/group/DACL/SACL set matrix",""
"SET_INFO","QUOTA","SMB2_O_INFO_QUOTA","2.0.2-3.1.1","yes","partial","src/protocol/smb2/smb2_query_set.c:4061-4064","quota set semantics",""

